userid,Average Screen Time,Average Spent on App (INR),Left Review,Ratings,New Password Request,Last Visited Minutes,Status,Segments
1001,17,634,1,9,7,2990,Installed,Retained
1002,0,54,0,4,8,24008,Uninstalled,Needs Attention
1003,37,207,0,8,5,971,Installed,Retained
1004,32,445,1,6,2,799,Installed,Retained
1005,45,427,1,5,6,3668,Installed,Retained
1006,28,599,0,9,4,2878,Installed,Retained
1007,49,887,1,9,6,4481,Installed,Retained
1008,8,31,0,2,1,1715,Installed,Retained
1009,28,741,1,8,2,801,Installed,Retained
1010,28,524,1,8,4,4621,Installed,Retained
1011,44,688,1,8,5,1293,Installed,Retained
1012,24,466,1,10,4,4214,Installed,Retained
1013,1,49,0,3,7,9008,Installed,Retained
1014,41,845,0,10,7,3107,Installed,Retained
1015,32,251,0,5,4,2595,Installed,Retained
1016,11,169,0,10,3,577,Installed,Retained
1017,38,776,1,7,4,2965,Installed,Retained
1018,34,341,0,6,1,3124,Installed,Retained
1019,21,250,0,7,5,3460,Installed,Retained
1020,18,967,1,10,6,1925,Installed,Retained
1021,15,774,1,7,1,631,Installed,Retained
1022,34,482,0,6,8,4057,Installed,Retained
1023,11,645,1,9,2,2946,Installed,Retained
1024,26,688,0,9,4,4702,Installed,Retained
1025,34,400,0,8,4,4189,Installed,Retained
1026,48,73,1,10,2,2894,Installed,Retained
1027,33,460,0,9,2,1049,Installed,Retained
1028,49,848,0,5,4,419,Installed,Retained
1029,9,46,0,0,2,3273,Installed,Retained
1030,47,195,1,9,4,4060,Installed,Retained
1031,34,114,0,9,6,1148,Installed,Retained
1032,30,976,1,6,8,4784,Installed,Retained
1033,35,932,1,9,4,2808,Installed,Retained
1034,12,243,1,5,5,2920,Installed,Retained
1035,12,222,0,7,6,4096,Installed,Retained
1036,22,410,1,5,7,767,Installed,Retained
1037,3,70,0,5,3,3650,Installed,Retained
1038,0,96,0,4,6,4107,Installed,Retained
1039,1,97,0,1,7,37959,Uninstalled,Churn
1040,40,207,1,7,5,2425,Installed,Retained
1041,41,519,0,7,2,3511,Installed,Retained
1042,21,621,1,5,7,3471,Installed,Retained
1043,12,461,0,10,2,2571,Installed,Retained
1044,4,93,0,2,8,49334,Uninstalled,Churn
1045,17,800,0,10,5,520,Installed,Retained
1046,43,125,1,8,5,1553,Installed,Retained
1047,3,34,1,5,6,39016,Uninstalled,Churn
1048,50,405,0,8,4,4478,Installed,Retained
1049,19,654,0,6,5,1197,Installed,Retained
1050,44,908,1,10,3,3489,Installed,Retained
1051,25,875,1,9,8,644,Installed,Retained
1052,37,519,0,5,6,3408,Installed,Retained
1053,15,260,1,5,1,1353,Installed,Retained
1054,42,911,1,9,1,1356,Installed,Retained
1055,42,214,0,10,3,3575,Installed,Retained
1056,15,771,1,10,1,3339,Installed,Retained
1057,45,726,0,5,1,2587,Installed,Retained
1058,25,110,0,9,4,4704,Installed,Retained
1059,34,196,0,6,4,3410,Installed,Retained
1060,37,157,1,10,7,4131,Installed,Retained
1061,32,912,0,10,5,873,Installed,Retained
1062,5,67,0,2,6,30435,Uninstalled,Churn
1063,49,889,0,10,5,4991,Installed,Retained
1064,20,512,1,7,8,3847,Installed,Retained
1065,5,26,1,3,6,40868,Uninstalled,Churn
1066,49,202,0,6,2,1759,Installed,Retained
1067,32,234,1,9,2,2126,Installed,Retained
1068,37,966,1,7,2,794,Installed,Retained
1069,0,48,1,4,10,26405,Uninstalled,Needs Attention
1070,8,98,1,3,7,2483,Installed,Retained
1071,49,723,0,9,3,1847,Installed,Retained
1072,43,738,0,5,6,4962,Installed,Retained
1073,39,528,0,6,2,4237,Installed,Retained
1074,35,881,1,10,8,1290,Installed,Retained
1075,9,90,0,0,2,453,Installed,Retained
1076,50,360,1,7,2,479,Installed,Retained
1077,40,811,1,10,8,4574,Installed,Retained
1078,46,398,0,7,2,4302,Installed,Retained
1079,41,384,1,7,6,4513,Installed,Retained
1080,11,974,0,10,4,4076,Installed,Retained
1081,22,222,0,10,6,4913,Installed,Retained
1082,18,990,1,6,7,3660,Installed,Retained
1083,39,266,0,9,4,550,Installed,Retained
1084,32,919,1,8,7,1477,Installed,Retained
1085,44,976,0,9,5,1710,Installed,Retained
1086,12,436,0,5,3,1070,Installed,Retained
1087,1,94,1,5,5,42101,Uninstalled,Churn
1088,46,320,0,9,4,1757,Installed,Retained
1089,6,17,1,4,4,893,Installed,Retained
1090,48,552,1,5,4,2273,Installed,Retained
1091,6,61,0,4,1,3506,Installed,Retained
1092,18,242,0,7,7,517,Installed,Retained
1093,15,543,0,10,6,4258,Installed,Retained
1094,1,8,1,0,15,33465,Uninstalled,Churn
1095,23,448,0,6,6,3292,Installed,Retained
1096,24,252,1,8,1,353,Installed,Retained
1097,0,66,1,0,2,4370,Installed,Retained
1098,10,42,1,2,8,3800,Installed,Retained
1099,45,940,0,5,4,2961,Installed,Retained
1100,3,75,1,4,12,41859,Uninstalled,Churn
1101,48,528,0,7,3,2836,Installed,Retained
1102,1,52,1,5,6,6836,Installed,Retained
1103,47,830,0,5,3,4354,Installed,Retained
1104,21,559,0,10,7,670,Installed,Retained
1105,9,74,1,3,2,2449,Installed,Retained
1106,17,804,1,9,2,1806,Installed,Retained
1107,25,733,0,9,2,4806,Installed,Retained
1108,45,663,1,5,7,1481,Installed,Retained
1109,30,763,1,9,2,3872,Installed,Retained
1110,0,23,0,1,15,22915,Uninstalled,Needs Attention
1111,11,67,0,5,4,1829,Installed,Retained
1112,15,115,0,5,1,2148,Installed,Retained
1113,14,853,0,8,2,2754,Installed,Retained
1114,17,379,0,7,8,727,Installed,Retained
1115,5,20,1,5,5,13331,Installed,Needs Attention
1116,26,629,1,5,2,3982,Installed,Retained
1117,12,508,0,6,1,3589,Installed,Retained
1118,14,462,0,8,7,229,Installed,Retained
1119,4,93,0,0,1,4598,Installed,Retained
1120,41,204,0,5,4,3545,Installed,Retained
1121,31,293,1,7,2,2905,Installed,Retained
1122,9,31,1,3,3,1096,Installed,Retained
1123,3,44,1,0,13,28046,Uninstalled,Needs Attention
1124,19,354,1,7,6,3008,Installed,Retained
1125,16,971,1,6,2,1011,Installed,Retained
1126,11,255,0,8,7,2592,Installed,Retained
1127,19,294,0,5,1,1515,Installed,Retained
1128,21,682,0,5,4,2356,Installed,Retained
1129,38,601,0,9,5,4027,Installed,Retained
1130,30,59,1,8,2,2147,Installed,Retained
1131,27,627,0,7,8,3234,Installed,Retained
1132,29,73,0,8,1,432,Installed,Retained
1133,7,5,1,2,8,2739,Installed,Retained
1134,33,500,0,8,4,963,Installed,Retained
1135,16,364,1,6,3,1363,Installed,Retained
1136,15,464,0,6,8,1992,Installed,Retained
1137,10,10,1,1,8,3452,Installed,Retained
1138,29,87,1,6,3,2308,Installed,Retained
1139,1,13,0,2,2,12629,Installed,Needs Attention
1140,19,570,0,7,8,3105,Installed,Retained
1141,44,667,0,7,1,2276,Installed,Retained
1142,6,96,0,0,4,1742,Installed,Retained
1143,33,485,0,10,1,721,Installed,Retained
1144,39,740,0,9,6,3309,Installed,Retained
1145,9,27,1,4,7,823,Installed,Retained
1146,25,549,1,6,4,3312,Installed,Retained
1147,2,42,1,2,11,40603,Uninstalled,Churn
1148,40,219,0,8,5,1178,Installed,Retained
1149,43,550,1,9,1,4270,Installed,Retained
1150,16,861,1,8,1,3428,Installed,Retained
1151,1,95,1,2,10,31724,Uninstalled,Churn
1152,35,991,0,5,7,1547,Installed,Retained
1153,43,722,1,6,4,3163,Installed,Retained
1154,24,84,1,8,8,835,Installed,Retained
1155,7,12,1,3,5,4848,Installed,Retained
1156,17,153,0,6,2,4795,Installed,Retained
1157,49,90,1,9,2,2041,Installed,Retained
1158,17,799,1,5,3,3900,Installed,Retained
1159,3,83,0,0,8,25789,Uninstalled,Needs Attention
1160,14,938,0,7,7,1261,Installed,Retained
1161,24,582,1,6,3,253,Installed,Retained
1162,41,96,1,7,7,3385,Installed,Retained
1163,44,431,1,8,1,2008,Installed,Retained
1164,14,402,1,8,6,3529,Installed,Retained
1165,22,629,0,6,1,360,Installed,Retained
1166,29,91,1,7,8,3241,Installed,Retained
1167,44,674,1,10,8,4975,Installed,Retained
1168,23,901,1,7,6,684,Installed,Retained
1169,14,196,0,7,8,2905,Installed,Retained
1170,46,151,1,5,4,2354,Installed,Retained
1171,37,564,0,7,8,4004,Installed,Retained
1172,33,493,1,6,4,2221,Installed,Retained
1173,12,71,1,10,5,3853,Installed,Retained
1174,3,46,0,2,14,24048,Uninstalled,Needs Attention
1175,40,266,0,8,3,3559,Installed,Retained
1176,29,838,0,10,7,3737,Installed,Retained
1177,14,135,0,5,2,2687,Installed,Retained
1178,31,72,0,5,1,4566,Installed,Retained
1179,50,839,0,6,5,2351,Installed,Retained
1180,9,12,1,1,5,4818,Installed,Retained
1181,3,100,0,3,7,29465,Uninstalled,Needs Attention
1182,4,37,1,3,5,43650,Uninstalled,Churn
1183,44,867,0,10,7,4299,Installed,Retained
1184,4,51,0,0,8,38744,Uninstalled,Churn
1185,45,375,0,5,8,873,Installed,Retained
1186,42,798,0,9,2,4624,Installed,Retained
1187,40,696,1,7,8,592,Installed,Retained
1188,35,894,0,8,3,1425,Installed,Retained
1189,17,522,0,8,6,437,Installed,Retained
1190,5,46,0,3,7,1791,Installed,Retained
1191,19,661,1,8,1,2640,Installed,Retained
1192,47,750,0,6,8,553,Installed,Retained
1193,20,101,0,9,7,1194,Installed,Retained
1194,13,73,0,9,3,1185,Installed,Retained
1195,13,316,1,5,8,1267,Installed,Retained
1196,30,482,1,9,5,617,Installed,Retained
1197,46,747,0,9,2,1751,Installed,Retained
1198,7,36,1,1,5,3735,Installed,Retained
1199,1,92,0,1,14,19379,Uninstalled,Needs Attention
1200,48,634,1,7,5,4059,Installed,Retained
1201,29,990,1,8,6,1340,Installed,Retained
1202,18,212,0,5,1,4078,Installed,Retained
1203,8,33,0,3,1,2979,Installed,Retained
1204,37,987,0,10,6,1393,Installed,Retained
1205,28,892,0,7,3,1136,Installed,Retained
1206,25,489,1,10,5,2437,Installed,Retained
1207,2,69,1,0,7,15053,Uninstalled,Needs Attention
1208,14,279,1,6,8,1306,Installed,Retained
1209,50,882,0,9,4,203,Installed,Retained
1210,29,721,1,7,5,4378,Installed,Retained
1211,31,674,1,7,7,3225,Installed,Retained
1212,24,809,0,10,4,2020,Installed,Retained
1213,0,93,0,4,15,38821,Uninstalled,Churn
1214,17,296,1,9,6,2263,Installed,Retained
1215,9,94,1,2,6,2608,Installed,Retained
1216,15,372,1,9,8,3642,Installed,Retained
1217,32,164,1,8,6,622,Installed,Retained
1218,14,146,1,9,5,769,Installed,Retained
1219,41,672,1,9,3,3850,Installed,Retained
1220,1,16,0,5,8,49715,Uninstalled,Churn
1221,15,205,0,5,2,3549,Installed,Retained
1222,26,150,1,9,2,3150,Installed,Retained
1223,12,836,0,5,8,1746,Installed,Retained
1224,18,701,1,6,2,2530,Installed,Retained
1225,14,616,1,9,7,2984,Installed,Retained
1226,11,378,1,10,8,3909,Installed,Retained
1227,35,998,0,6,3,2805,Installed,Retained
1228,3,10,1,4,8,23311,Uninstalled,Needs Attention
1229,48,298,1,6,8,622,Installed,Retained
1230,24,344,1,8,4,1872,Installed,Retained
1231,32,496,1,7,7,3815,Installed,Retained
1232,43,399,1,8,4,407,Installed,Retained
1233,21,520,0,5,7,674,Installed,Retained
1234,7,19,1,1,1,4092,Installed,Retained
1235,5,0,1,1,6,1713,Installed,Retained
1236,32,491,0,6,1,4452,Installed,Retained
1237,50,974,1,9,7,3002,Installed,Retained
1238,19,865,0,9,3,2849,Installed,Retained
1239,14,662,0,5,3,1014,Installed,Retained
1240,41,250,0,5,8,2119,Installed,Retained
1241,26,485,0,9,5,3937,Installed,Retained
1242,15,506,0,10,1,3981,Installed,Retained
1243,37,534,0,7,1,413,Installed,Retained
1244,14,603,0,8,3,1559,Installed,Retained
1245,31,817,1,6,5,1072,Installed,Retained
1246,40,300,0,9,2,4896,Installed,Retained
1247,39,595,1,7,5,1254,Installed,Retained
1248,26,936,1,7,3,2373,Installed,Retained
1249,24,488,0,6,4,4692,Installed,Retained
1250,33,242,0,8,2,3265,Installed,Retained
1251,10,31,0,0,8,859,Installed,Retained
1252,24,392,0,9,4,1818,Installed,Retained
1253,33,333,0,9,3,3839,Installed,Retained
1254,18,328,1,9,1,242,Installed,Retained
1255,20,828,1,10,5,2268,Installed,Retained
1256,31,839,1,10,6,1027,Installed,Retained
1257,4,17,0,5,5,24656,Uninstalled,Needs Attention
1258,49,188,1,10,1,1008,Installed,Retained
1259,39,405,0,8,1,1523,Installed,Retained
1260,24,634,0,7,4,3562,Installed,Retained
1261,25,715,1,7,3,2310,Installed,Retained
1262,21,598,1,7,3,4136,Installed,Retained
1263,36,755,1,9,7,1391,Installed,Retained
1264,32,138,0,7,5,2432,Installed,Retained
1265,3,77,0,0,5,18701,Uninstalled,Needs Attention
1266,23,310,1,9,7,991,Installed,Retained
1267,25,477,0,8,6,3295,Installed,Retained
1268,4,91,1,2,15,36469,Uninstalled,Churn
1269,15,252,1,10,8,1324,Installed,Retained
1270,26,385,0,9,5,4941,Installed,Retained
1271,35,217,1,7,4,2463,Installed,Retained
1272,14,81,1,9,1,4230,Installed,Retained
1273,43,429,0,7,8,2769,Installed,Retained
1274,16,254,1,10,3,1754,Installed,Retained
1275,9,80,0,5,3,1828,Installed,Retained
1276,15,361,1,6,2,4539,Installed,Retained
1277,7,8,1,5,2,3001,Installed,Retained
1278,12,863,0,10,8,4269,Installed,Retained
1279,36,270,0,9,6,1728,Installed,Retained
1280,18,813,0,9,7,1459,Installed,Retained
1281,14,826,1,8,5,1776,Installed,Retained
1282,24,511,0,6,2,2284,Installed,Retained
1283,8,9,1,4,6,2119,Installed,Retained
1284,28,860,1,6,4,2833,Installed,Retained
1285,30,226,1,9,4,3766,Installed,Retained
1286,46,135,1,10,7,1042,Installed,Retained
1287,30,416,0,5,4,2998,Installed,Retained
1288,30,463,0,9,3,4154,Installed,Retained
1289,49,877,1,7,2,873,Installed,Retained
1290,17,360,0,10,5,2641,Installed,Retained
1291,32,830,1,9,6,3919,Installed,Retained
1292,0,32,1,4,13,21352,Uninstalled,Needs Attention
1293,22,909,0,10,8,942,Installed,Retained
1294,42,63,1,7,7,220,Installed,Retained
1295,36,300,1,9,6,3144,Installed,Retained
1296,34,285,1,7,6,673,Installed,Retained
1297,37,837,0,6,6,4166,Installed,Retained
1298,23,320,1,7,4,4058,Installed,Retained
1299,31,621,0,5,1,479,Installed,Retained
1300,14,152,0,9,7,1769,Installed,Retained
1301,26,486,1,7,6,1256,Installed,Retained
1302,19,401,1,6,6,3299,Installed,Retained
1303,5,79,0,2,6,5099,Installed,Retained
1304,0,95,0,0,6,17126,Uninstalled,Needs Attention
1305,33,778,1,9,4,1526,Installed,Retained
1306,11,923,1,10,5,4629,Installed,Retained
1307,4,38,0,0,2,5843,Installed,Retained
1308,31,95,0,10,7,272,Installed,Retained
1309,33,990,0,10,4,828,Installed,Retained
1310,49,679,0,10,7,1312,Installed,Retained
1311,33,617,1,7,3,3933,Installed,Retained
1312,22,994,0,10,5,4074,Installed,Retained
1313,25,519,0,7,5,4906,Installed,Retained
1314,9,25,0,2,7,2294,Installed,Retained
1315,17,396,0,9,4,4180,Installed,Retained
1316,47,226,1,10,1,3556,Installed,Retained
1317,18,993,0,8,2,3438,Installed,Retained
1318,44,107,0,6,2,1845,Installed,Retained
1319,40,869,1,6,1,4340,Installed,Retained
1320,23,60,1,6,1,614,Installed,Retained
1321,25,749,1,10,1,3127,Installed,Retained
1322,25,863,0,5,6,3663,Installed,Retained
1323,24,158,1,8,5,4578,Installed,Retained
1324,39,424,1,5,6,931,Installed,Retained
1325,25,984,1,7,6,1008,Installed,Retained
1326,6,20,1,1,7,2780,Installed,Retained
1327,42,988,0,8,4,1976,Installed,Retained
1328,2,39,0,1,15,45339,Uninstalled,Churn
1329,46,560,1,9,4,4557,Installed,Retained
1330,36,721,1,6,3,4769,Installed,Retained
1331,21,261,0,7,8,450,Installed,Retained
1332,0,100,1,5,3,13777,Installed,Needs Attention
1333,29,492,1,8,8,4684,Installed,Retained
1334,11,222,0,8,5,4297,Installed,Retained
1335,17,788,0,7,1,4344,Installed,Retained
1336,1,31,0,4,11,47187,Uninstalled,Churn
1337,37,175,1,8,2,2190,Installed,Retained
1338,35,198,1,5,4,2290,Installed,Retained
1339,15,481,1,9,5,542,Installed,Retained
1340,18,863,1,5,6,1764,Installed,Retained
1341,49,580,0,8,8,4885,Installed,Retained
1342,24,216,0,10,1,3049,Installed,Retained
1343,12,69,0,8,5,2628,Installed,Retained
1344,15,807,0,5,1,4024,Installed,Retained
1345,26,739,0,8,5,4155,Installed,Retained
1346,27,704,1,9,1,3756,Installed,Retained
1347,24,357,1,7,2,640,Installed,Retained
1348,39,614,1,10,1,3173,Installed,Retained
1349,6,87,1,4,4,3890,Installed,Retained
1350,33,559,0,9,4,4818,Installed,Retained
1351,43,660,0,8,1,252,Installed,Retained
1352,49,623,0,8,1,4047,Installed,Retained
1353,5,93,0,4,10,49696,Uninstalled,Churn
1354,44,350,1,10,5,1642,Installed,Retained
1355,0,42,0,5,14,22099,Uninstalled,Needs Attention
1356,35,936,0,7,6,4705,Installed,Retained
1357,5,47,0,0,8,16523,Uninstalled,Needs Attention
1358,1,28,1,2,11,19278,Uninstalled,Needs Attention
1359,34,841,0,5,3,1115,Installed,Retained
1360,32,89,0,7,3,2953,Installed,Retained
1361,43,833,0,9,1,4551,Installed,Retained
1362,32,763,0,9,1,2295,Installed,Retained
1363,16,68,0,5,7,426,Installed,Retained
1364,45,330,0,8,5,1022,Installed,Retained
1365,25,159,0,7,7,4502,Installed,Retained
1366,24,340,1,10,6,2555,Installed,Retained
1367,46,832,0,6,7,577,Installed,Retained
1368,28,992,0,5,6,2163,Installed,Retained
1369,30,849,1,8,5,714,Installed,Retained
1370,26,742,0,6,7,4988,Installed,Retained
1371,8,73,1,1,4,3300,Installed,Retained
1372,33,190,1,5,2,789,Installed,Retained
1373,35,928,1,8,3,862,Installed,Retained
1374,12,718,0,9,1,1744,Installed,Retained
1375,49,238,1,8,6,4270,Installed,Retained
1376,34,736,0,10,6,4581,Installed,Retained
1377,20,992,1,7,5,2166,Installed,Retained
1378,18,165,0,10,1,430,Installed,Retained
1379,4,25,0,3,8,39153,Uninstalled,Churn
1380,7,75,0,5,7,697,Installed,Retained
1381,14,326,0,10,4,1944,Installed,Retained
1382,41,173,0,10,4,4647,Installed,Retained
1383,11,930,1,8,6,4989,Installed,Retained
1384,15,349,0,5,2,2546,Installed,Retained
1385,41,152,1,10,8,4526,Installed,Retained
1386,22,719,0,10,4,1658,Installed,Retained
1387,21,597,1,6,3,2828,Installed,Retained
1388,18,286,0,7,7,400,Installed,Retained
1389,35,754,1,8,5,1790,Installed,Retained
1390,34,88,1,9,4,2901,Installed,Retained
1391,4,50,0,0,11,27125,Uninstalled,Needs Attention
1392,16,768,1,6,4,2942,Installed,Retained
1393,18,158,1,10,8,2768,Installed,Retained
1394,19,729,0,9,3,1414,Installed,Retained
1395,0,97,0,3,9,37826,Uninstalled,Churn
1396,3,37,0,1,1,6641,Installed,Retained
1397,30,900,1,10,3,4080,Installed,Retained
1398,13,188,1,7,1,1791,Installed,Retained
1399,2,89,0,4,6,6207,Installed,Retained
1400,50,70,0,5,1,3670,Installed,Retained
1401,13,536,1,7,8,4247,Installed,Retained
1402,50,609,0,8,7,935,Installed,Retained
1403,23,796,0,6,4,2983,Installed,Retained
1404,34,95,1,9,6,969,Installed,Retained
1405,36,871,1,8,2,3179,Installed,Retained
1406,4,58,1,0,11,32302,Uninstalled,Churn
1407,7,10,1,2,6,1857,Installed,Retained
1408,41,733,1,10,8,4911,Installed,Retained
1409,34,608,1,9,7,2865,Installed,Retained
1410,20,506,1,6,8,1883,Installed,Retained
1411,31,977,0,6,3,1135,Installed,Retained
1412,35,761,0,7,3,1949,Installed,Retained
1413,41,708,1,8,2,680,Installed,Retained
1414,37,534,0,7,5,395,Installed,Retained
1415,8,71,0,1,5,4244,Installed,Retained
1416,2,9,1,3,2,5048,Installed,Retained
1417,8,4,1,2,1,967,Installed,Retained
1418,12,502,1,7,6,3111,Installed,Retained
1419,22,614,1,5,5,4067,Installed,Retained
1420,20,473,1,5,5,4950,Installed,Retained
1421,10,67,1,4,6,586,Installed,Retained
1422,40,254,0,9,3,1586,Installed,Retained
1423,18,558,1,6,8,2716,Installed,Retained
1424,31,513,0,5,3,2310,Installed,Retained
1425,39,80,0,7,5,3519,Installed,Retained
1426,44,621,1,8,2,2005,Installed,Retained
1427,34,902,1,5,1,572,Installed,Retained
1428,50,411,0,6,6,857,Installed,Retained
1429,9,63,0,0,2,4324,Installed,Retained
1430,13,889,1,10,3,3279,Installed,Retained
1431,40,347,0,9,1,2006,Installed,Retained
1432,44,546,1,10,6,222,Installed,Retained
1433,17,810,0,8,8,1541,Installed,Retained
1434,29,68,0,8,5,1316,Installed,Retained
1435,33,783,0,6,4,4893,Installed,Retained
1436,7,9,1,4,7,4060,Installed,Retained
1437,36,603,1,6,8,3949,Installed,Retained
1438,17,633,1,7,1,3840,Installed,Retained
1439,5,15,1,2,6,37453,Uninstalled,Churn
1440,10,65,0,2,6,2102,Installed,Retained
1441,30,481,1,5,6,1376,Installed,Retained
1442,29,93,0,5,1,4389,Installed,Retained
1443,29,568,1,8,4,2123,Installed,Retained
1444,33,423,0,7,1,3737,Installed,Retained
1445,47,319,0,5,5,1902,Installed,Retained
1446,35,434,1,10,1,3761,Installed,Retained
1447,45,75,0,5,7,3489,Installed,Retained
1448,19,786,0,5,6,4602,Installed,Retained
1449,23,551,1,9,5,3935,Installed,Retained
1450,7,85,1,0,6,2120,Installed,Retained
1451,33,486,0,6,4,1049,Installed,Retained
1452,49,267,0,7,1,4198,Installed,Retained
1453,41,566,1,5,6,507,Installed,Retained
1454,16,150,1,10,8,906,Installed,Retained
1455,30,623,1,7,2,650,Installed,Retained
1456,24,219,0,6,5,1842,Installed,Retained
1457,17,379,0,8,6,2521,Installed,Retained
1458,6,97,0,1,8,4164,Installed,Retained
1459,18,375,1,6,4,1668,Installed,Retained
1460,23,647,1,9,6,679,Installed,Retained
1461,8,44,0,3,1,1552,Installed,Retained
1462,41,635,0,6,6,301,Installed,Retained
1463,25,241,1,10,4,2932,Installed,Retained
1464,20,858,0,5,7,3131,Installed,Retained
1465,22,435,1,6,4,1778,Installed,Retained
1466,39,102,1,8,1,4891,Installed,Retained
1467,21,305,1,7,5,2681,Installed,Retained
1468,42,212,0,8,2,2220,Installed,Retained
1469,4,75,1,4,7,47412,Uninstalled,Churn
1470,35,805,0,6,1,1597,Installed,Retained
1471,42,693,1,6,5,1416,Installed,Retained
1472,22,981,0,5,1,3999,Installed,Retained
1473,25,275,1,8,6,3942,Installed,Retained
1474,20,460,1,7,3,1434,Installed,Retained
1475,11,273,0,9,4,2603,Installed,Retained
1476,0,66,0,0,10,31950,Uninstalled,Churn
1477,5,17,0,5,15,45979,Uninstalled,Churn
1478,50,886,1,9,6,524,Installed,Retained
1479,17,478,1,8,1,721,Installed,Retained
1480,29,368,1,9,3,4812,Installed,Retained
1481,11,510,0,5,6,952,Installed,Retained
1482,39,368,0,9,7,4734,Installed,Retained
1483,9,14,1,2,5,2188,Installed,Retained
1484,25,970,1,10,4,3392,Installed,Retained
1485,45,284,1,10,1,949,Installed,Retained
1486,8,39,1,4,3,3457,Installed,Retained
1487,13,125,1,10,6,1919,Installed,Retained
1488,13,619,1,10,7,4346,Installed,Retained
1489,31,207,1,7,7,2620,Installed,Retained
1490,42,83,1,7,4,4897,Installed,Retained
1491,36,633,0,5,1,2601,Installed,Retained
1492,0,21,1,5,15,38457,Uninstalled,Churn
1493,15,64,1,9,7,956,Installed,Retained
1494,16,767,1,8,5,2602,Installed,Retained
1495,28,75,0,9,7,500,Installed,Retained
1496,46,53,1,7,1,2569,Installed,Retained
1497,34,366,1,5,1,2581,Installed,Retained
1498,9,15,1,1,2,2196,Installed,Retained
1499,13,479,1,5,2,4646,Installed,Retained
1500,29,726,1,10,7,302,Installed,Retained
1501,2,81,0,4,10,15060,Uninstalled,Needs Attention
1502,2,25,0,2,13,45265,Uninstalled,Churn
1503,29,567,1,10,7,466,Installed,Retained
1504,26,819,1,10,5,4826,Installed,Retained
1505,19,636,0,5,5,1038,Installed,Retained
1506,33,829,0,6,1,226,Installed,Retained
1507,16,748,0,8,8,1085,Installed,Retained
1508,49,498,0,10,5,3756,Installed,Retained
1509,8,72,1,0,7,4645,Installed,Retained
1510,23,859,1,10,1,4409,Installed,Retained
1511,41,833,0,10,4,3604,Installed,Retained
1512,40,482,1,6,6,1655,Installed,Retained
1513,45,402,1,5,4,2847,Installed,Retained
1514,42,589,1,7,5,2934,Installed,Retained
1515,23,880,0,7,1,3340,Installed,Retained
1516,39,61,0,5,6,2057,Installed,Retained
1517,16,669,0,9,4,3067,Installed,Retained
1518,11,224,1,7,4,927,Installed,Retained
1519,11,845,1,10,1,1420,Installed,Retained
1520,4,44,1,3,7,3785,Installed,Retained
1521,16,415,0,10,1,1904,Installed,Retained
1522,6,7,1,5,7,835,Installed,Retained
1523,43,187,1,7,3,1030,Installed,Retained
1524,22,876,0,9,5,760,Installed,Retained
1525,19,79,1,9,1,2468,Installed,Retained
1526,37,678,0,8,6,4446,Installed,Retained
1527,14,530,0,6,7,3209,Installed,Retained
1528,41,319,1,7,6,4105,Installed,Retained
1529,28,427,1,6,8,2431,Installed,Retained
1530,49,161,0,10,2,4957,Installed,Retained
1531,29,516,0,9,6,3626,Installed,Retained
1532,19,168,0,8,8,926,Installed,Retained
1533,48,504,0,7,8,4643,Installed,Retained
1534,30,465,1,10,6,1275,Installed,Retained
1535,1,13,1,2,6,4097,Installed,Retained
1536,4,2,1,4,3,3238,Installed,Retained
1537,47,885,1,5,3,4096,Installed,Retained
1538,19,474,0,7,7,995,Installed,Retained
1539,5,62,1,3,9,26282,Uninstalled,Needs Attention
1540,33,703,0,9,3,2552,Installed,Retained
1541,37,155,0,9,5,398,Installed,Retained
1542,7,85,0,5,6,1732,Installed,Retained
1543,9,26,1,2,5,4605,Installed,Retained
1544,49,321,1,10,5,4470,Installed,Retained
1545,41,813,1,7,3,3962,Installed,Retained
1546,30,355,1,9,4,4637,Installed,Retained
1547,20,690,0,7,6,1497,Installed,Retained
1548,5,25,0,2,15,36478,Uninstalled,Churn
1549,45,331,0,9,1,1349,Installed,Retained
1550,33,441,0,9,2,3052,Installed,Retained
1551,35,338,1,9,7,2231,Installed,Retained
1552,20,701,0,8,3,3754,Installed,Retained
1553,18,411,1,7,5,2222,Installed,Retained
1554,33,970,0,5,8,1735,Installed,Retained
1555,24,120,1,6,7,1162,Installed,Retained
1556,36,187,1,9,3,4754,Installed,Retained
1557,41,927,0,10,2,2230,Installed,Retained
1558,24,564,0,9,5,1869,Installed,Retained
1559,7,71,0,4,6,1981,Installed,Retained
1560,34,239,1,6,4,4025,Installed,Retained
1561,2,99,0,3,6,46826,Uninstalled,Churn
1562,21,307,1,6,8,4686,Installed,Retained
1563,43,236,1,5,3,888,Installed,Retained
1564,40,511,1,6,5,356,Installed,Retained
1565,1,59,0,0,9,16381,Uninstalled,Needs Attention
1566,18,638,1,8,8,204,Installed,Retained
1567,19,537,0,10,1,4660,Installed,Retained
1568,14,836,1,5,8,4662,Installed,Retained
1569,29,743,0,6,6,1809,Installed,Retained
1570,49,371,1,10,7,1498,Installed,Retained
1571,34,90,1,7,6,4877,Installed,Retained
1572,5,36,1,3,7,37474,Uninstalled,Churn
1573,0,26,1,5,14,44275,Uninstalled,Churn
1574,18,91,0,10,6,2864,Installed,Retained
1575,6,40,0,5,3,540,Installed,Retained
1576,7,48,0,1,1,2629,Installed,Retained
1577,19,467,1,5,7,1176,Installed,Retained
1578,30,831,1,10,7,2502,Installed,Retained
1579,33,164,1,5,5,4877,Installed,Retained
1580,45,936,0,8,4,2568,Installed,Retained
1581,8,29,1,1,8,379,Installed,Retained
1582,21,379,1,9,4,568,Installed,Retained
1583,42,786,1,9,4,1851,Installed,Retained
1584,35,194,0,7,4,427,Installed,Retained
1585,2,96,0,0,5,44883,Uninstalled,Churn
1586,50,170,0,9,7,1981,Installed,Retained
1587,20,128,1,9,8,4937,Installed,Retained
1588,47,744,0,7,6,3496,Installed,Retained
1589,24,850,1,10,3,4863,Installed,Retained
1590,26,607,0,5,8,1536,Installed,Retained
1591,8,45,1,5,4,4716,Installed,Retained
1592,30,644,0,9,4,4272,Installed,Retained
1593,46,107,0,10,3,3609,Installed,Retained
1594,44,887,1,6,8,4488,Installed,Retained
1595,6,93,1,4,2,2423,Installed,Retained
1596,28,503,0,9,7,4789,Installed,Retained
1597,6,9,1,1,8,4266,Installed,Retained
1598,37,571,0,10,2,2646,Installed,Retained
1599,1,84,0,2,15,15915,Uninstalled,Needs Attention
1600,27,424,0,5,4,4706,Installed,Retained
1601,46,404,1,8,7,4065,Installed,Retained
1602,35,329,0,9,5,2725,Installed,Retained
1603,21,751,1,7,7,3769,Installed,Retained
1604,19,269,1,9,6,3854,Installed,Retained
1605,25,894,0,7,7,3600,Installed,Retained
1606,42,520,0,5,1,3678,Installed,Retained
1607,36,865,0,7,4,3723,Installed,Retained
1608,43,518,0,8,8,273,Installed,Retained
1609,31,161,1,8,6,4524,Installed,Retained
1610,37,328,0,5,5,1533,Installed,Retained
1611,19,410,0,7,7,1014,Installed,Retained
1612,23,735,0,8,1,774,Installed,Retained
1613,18,539,0,6,4,4007,Installed,Retained
1614,5,46,0,1,8,12920,Installed,Needs Attention
1615,8,96,0,3,8,3644,Installed,Retained
1616,33,419,1,9,7,1267,Installed,Retained
1617,34,578,1,7,4,454,Installed,Retained
1618,1,56,0,4,7,12163,Installed,Needs Attention
1619,7,48,0,5,2,4426,Installed,Retained
1620,40,151,1,10,4,2457,Installed,Retained
1621,34,894,0,5,8,3328,Installed,Retained
1622,35,394,0,7,6,1994,Installed,Retained
1623,37,877,0,7,2,4821,Installed,Retained
1624,39,249,1,8,1,4568,Installed,Retained
1625,14,459,1,7,6,355,Installed,Retained
1626,41,837,0,6,3,4069,Installed,Retained
1627,39,726,1,6,3,2036,Installed,Retained
1628,24,597,0,8,1,4626,Installed,Retained
1629,45,395,0,5,3,3713,Installed,Retained
1630,22,459,1,6,6,1203,Installed,Retained
1631,9,6,1,2,7,1871,Installed,Retained
1632,41,904,0,7,4,3805,Installed,Retained
1633,19,841,0,6,2,646,Installed,Retained
1634,17,167,0,5,8,1403,Installed,Retained
1635,47,228,0,6,8,1409,Installed,Retained
1636,5,49,0,2,5,20344,Uninstalled,Needs Attention
1637,22,847,1,7,5,1839,Installed,Retained
1638,8,68,1,3,3,1005,Installed,Retained
1639,16,78,0,5,5,1494,Installed,Retained
1640,48,125,0,6,8,4241,Installed,Retained
1641,40,275,0,10,2,1006,Installed,Retained
1642,21,768,1,9,7,4688,Installed,Retained
1643,45,499,0,6,3,2859,Installed,Retained
1644,47,64,0,8,4,2128,Installed,Retained
1645,33,970,1,5,4,910,Installed,Retained
1646,45,516,0,9,4,654,Installed,Retained
1647,32,800,1,5,8,681,Installed,Retained
1648,19,756,0,7,7,3415,Installed,Retained
1649,15,688,1,10,6,3923,Installed,Retained
1650,47,280,0,10,8,2633,Installed,Retained
1651,43,580,0,10,3,4222,Installed,Retained
1652,0,42,1,3,15,24600,Uninstalled,Needs Attention
1653,29,610,0,8,8,3199,Installed,Retained
1654,17,484,1,6,7,4926,Installed,Retained
1655,19,369,0,7,7,3759,Installed,Retained
1656,21,79,0,8,5,547,Installed,Retained
1657,27,284,0,9,4,1024,Installed,Retained
1658,12,555,0,6,1,337,Installed,Retained
1659,22,714,0,8,3,4041,Installed,Retained
1660,31,517,1,10,4,2755,Installed,Retained
1661,8,73,0,4,4,706,Installed,Retained
1662,35,170,0,6,8,3317,Installed,Retained
1663,0,88,0,1,9,24796,Uninstalled,Needs Attention
1664,50,719,0,8,3,2944,Installed,Retained
1665,6,52,0,0,2,2764,Installed,Retained
1666,10,13,1,2,2,2900,Installed,Retained
1667,49,155,1,8,6,4825,Installed,Retained
1668,8,77,1,2,6,2842,Installed,Retained
1669,1,75,1,5,11,18485,Uninstalled,Needs Attention
1670,31,311,1,6,8,4496,Installed,Retained
1671,27,85,1,8,6,3376,Installed,Retained
1672,28,155,0,6,1,3595,Installed,Retained
1673,18,423,0,10,3,1214,Installed,Retained
1674,8,7,1,2,4,4477,Installed,Retained
1675,46,819,0,7,1,4859,Installed,Retained
1676,30,533,1,10,2,2743,Installed,Retained
1677,33,523,1,5,1,4171,Installed,Retained
1678,45,797,1,6,6,298,Installed,Retained
1679,31,508,1,6,8,3984,Installed,Retained
1680,48,729,0,7,8,1407,Installed,Retained
1681,36,600,0,7,6,1763,Installed,Retained
1682,6,75,1,2,8,1703,Installed,Retained
1683,22,180,1,8,8,1830,Installed,Retained
1684,16,618,1,9,8,2721,Installed,Retained
1685,32,647,0,5,2,4928,Installed,Retained
1686,6,37,1,3,8,3606,Installed,Retained
1687,6,55,0,0,1,1193,Installed,Retained
1688,45,528,1,10,7,2287,Installed,Retained
1689,18,779,0,8,8,1454,Installed,Retained
1690,16,167,1,6,3,3608,Installed,Retained
1691,11,772,0,10,5,3947,Installed,Retained
1692,33,863,1,10,2,834,Installed,Retained
1693,25,306,1,9,4,2138,Installed,Retained
1694,32,627,1,6,4,3222,Installed,Retained
1695,37,854,1,6,7,2200,Installed,Retained
1696,30,849,1,10,6,2871,Installed,Retained
1697,8,4,1,0,2,4160,Installed,Retained
1698,10,87,0,4,8,1733,Installed,Retained
1699,38,208,1,7,8,2200,Installed,Retained
1700,30,424,0,6,5,4465,Installed,Retained
1701,10,84,0,1,5,2636,Installed,Retained
1702,2,13,1,1,9,15953,Uninstalled,Needs Attention
1703,31,993,0,8,2,3004,Installed,Retained
1704,14,609,1,6,1,3154,Installed,Retained
1705,16,295,1,9,2,741,Installed,Retained
1706,11,282,0,7,5,4572,Installed,Retained
1707,43,958,0,8,7,2661,Installed,Retained
1708,22,53,1,7,2,1888,Installed,Retained
1709,7,69,0,0,2,831,Installed,Retained
1710,31,874,0,9,2,587,Installed,Retained
1711,18,845,0,9,1,4762,Installed,Retained
1712,14,567,0,7,8,4210,Installed,Retained
1713,37,300,1,9,6,1984,Installed,Retained
1714,34,116,1,8,4,1657,Installed,Retained
1715,3,45,1,2,8,28208,Uninstalled,Needs Attention
1716,22,753,0,8,2,4309,Installed,Retained
1717,24,825,0,8,8,1711,Installed,Retained
1718,6,64,0,1,6,1356,Installed,Retained
1719,43,903,1,5,8,722,Installed,Retained
1720,47,560,0,10,6,1232,Installed,Retained
1721,4,36,0,2,10,19874,Uninstalled,Needs Attention
1722,11,873,1,6,8,2210,Installed,Retained
1723,12,438,1,6,5,3959,Installed,Retained
1724,26,201,0,5,3,1164,Installed,Retained
1725,8,86,0,1,1,4899,Installed,Retained
1726,45,673,0,7,1,3102,Installed,Retained
1727,14,892,0,9,4,2001,Installed,Retained
1728,31,739,1,8,5,2524,Installed,Retained
1729,40,357,1,10,7,1034,Installed,Retained
1730,19,105,0,9,4,1667,Installed,Retained
1731,28,922,1,9,1,2672,Installed,Retained
1732,44,893,1,5,5,3935,Installed,Retained
1733,28,106,0,9,5,2153,Installed,Retained
1734,4,59,1,0,4,8685,Installed,Retained
1735,50,510,0,7,1,3677,Installed,Retained
1736,36,936,1,7,6,626,Installed,Retained
1737,26,734,0,5,2,404,Installed,Retained
1738,39,969,0,9,3,4208,Installed,Retained
1739,24,677,1,8,8,4399,Installed,Retained
1740,42,504,0,5,4,4469,Installed,Retained
1741,3,1,1,1,10,34395,Uninstalled,Churn
1742,41,305,0,8,1,2786,Installed,Retained
1743,34,804,1,10,8,261,Installed,Retained
1744,4,6,1,5,6,5481,Installed,Retained
1745,40,642,1,10,2,1456,Installed,Retained
1746,39,787,0,8,1,201,Installed,Retained
1747,40,231,1,7,7,3836,Installed,Retained
1748,20,747,0,8,3,1442,Installed,Retained
1749,49,357,0,10,1,2559,Installed,Retained
1750,10,26,0,0,7,2401,Installed,Retained
1751,1,10,1,0,6,23745,Uninstalled,Needs Attention
1752,21,946,0,5,1,730,Installed,Retained
1753,14,797,1,6,6,4591,Installed,Retained
1754,15,841,0,5,3,289,Installed,Retained
1755,17,950,1,10,6,861,Installed,Retained
1756,14,945,1,9,6,4975,Installed,Retained
1757,6,45,0,2,4,4845,Installed,Retained
1758,28,834,1,9,5,1840,Installed,Retained
1759,0,92,1,5,10,32265,Uninstalled,Churn
1760,42,171,0,7,6,3460,Installed,Retained
1761,12,857,0,10,1,3559,Installed,Retained
1762,29,932,1,7,6,3427,Installed,Retained
1763,19,87,0,7,4,521,Installed,Retained
1764,13,733,0,8,8,2610,Installed,Retained
1765,25,462,0,10,4,2405,Installed,Retained
1766,36,955,0,9,8,3979,Installed,Retained
1767,6,32,0,5,6,1896,Installed,Retained
1768,10,51,1,0,3,3330,Installed,Retained
1769,20,298,0,8,8,3658,Installed,Retained
1770,47,449,1,7,5,2993,Installed,Retained
1771,34,172,1,6,8,4785,Installed,Retained
1772,30,424,0,8,7,706,Installed,Retained
1773,41,326,1,9,8,2168,Installed,Retained
1774,25,631,1,10,6,3288,Installed,Retained
1775,33,276,0,6,1,1602,Installed,Retained
1776,9,79,1,3,4,2801,Installed,Retained
1777,31,915,1,6,1,2832,Installed,Retained
1778,30,367,1,7,6,1900,Installed,Retained
1779,21,892,0,7,7,4942,Installed,Retained
1780,11,173,0,6,7,2013,Installed,Retained
1781,23,201,1,8,5,3759,Installed,Retained
1782,27,355,0,10,8,3917,Installed,Retained
1783,30,123,0,8,5,1416,Installed,Retained
1784,6,9,1,0,3,4559,Installed,Retained
1785,28,678,1,10,3,660,Installed,Retained
1786,23,831,1,8,1,4013,Installed,Retained
1787,1,87,0,5,5,38966,Uninstalled,Churn
1788,17,269,1,6,4,2298,Installed,Retained
1789,26,627,0,9,5,2167,Installed,Retained
1790,19,657,0,8,8,4180,Installed,Retained
1791,32,816,0,10,7,1558,Installed,Retained
1792,4,39,1,0,8,10049,Installed,Retained
1793,25,337,0,7,6,594,Installed,Retained
1794,15,632,0,6,3,3194,Installed,Retained
1795,8,79,0,0,2,2968,Installed,Retained
1796,34,342,1,6,6,3611,Installed,Retained
1797,37,659,1,5,6,396,Installed,Retained
1798,42,324,0,6,4,2994,Installed,Retained
1799,28,558,0,10,8,907,Installed,Retained
1800,39,452,1,7,7,2933,Installed,Retained
1801,3,60,1,0,6,7244,Installed,Retained
1802,23,352,0,6,4,2106,Installed,Retained
1803,31,572,1,6,6,3604,Installed,Retained
1804,13,300,1,8,7,4617,Installed,Retained
1805,34,331,1,7,6,4069,Installed,Retained
1806,11,938,0,6,5,3372,Installed,Retained
1807,0,6,1,4,7,44107,Uninstalled,Churn
1808,8,26,0,2,1,4315,Installed,Retained
1809,16,459,1,7,4,3859,Installed,Retained
1810,18,751,1,5,1,2883,Installed,Retained
1811,37,479,0,9,5,4868,Installed,Retained
1812,30,312,0,10,1,1613,Installed,Retained
1813,19,901,1,5,5,4749,Installed,Retained
1814,30,867,1,7,2,3693,Installed,Retained
1815,14,68,0,10,4,1958,Installed,Retained
1816,46,832,1,10,6,1854,Installed,Retained
1817,36,295,1,10,3,4454,Installed,Retained
1818,34,560,0,7,3,4175,Installed,Retained
1819,35,518,1,10,7,1161,Installed,Retained
1820,37,266,0,9,2,1455,Installed,Retained
1821,11,350,0,8,3,3159,Installed,Retained
1822,4,4,1,2,6,22148,Uninstalled,Needs Attention
1823,30,564,1,8,3,1150,Installed,Retained
1824,1,92,1,0,4,10114,Installed,Retained
1825,29,387,0,10,7,2408,Installed,Retained
1826,2,93,0,2,13,18525,Uninstalled,Needs Attention
1827,46,724,0,8,2,1555,Installed,Retained
1828,24,307,0,8,7,800,Installed,Retained
1829,44,890,1,8,4,4661,Installed,Retained
1830,18,454,1,5,5,3537,Installed,Retained
1831,11,624,0,6,2,1441,Installed,Retained
1832,19,557,1,10,3,4176,Installed,Retained
1833,17,579,0,7,6,2450,Installed,Retained
1834,20,246,0,8,5,1908,Installed,Retained
1835,5,87,0,2,5,13310,Installed,Needs Attention
1836,29,490,0,6,3,2494,Installed,Retained
1837,28,732,1,6,8,2152,Installed,Retained
1838,29,311,0,5,1,953,Installed,Retained
1839,13,486,1,6,1,3922,Installed,Retained
1840,50,663,1,9,7,2144,Installed,Retained
1841,32,516,1,7,3,2302,Installed,Retained
1842,33,398,1,8,1,743,Installed,Retained
1843,46,93,1,7,6,1569,Installed,Retained
1844,6,69,0,2,4,1922,Installed,Retained
1845,1,65,1,1,3,10957,Installed,Retained
1846,2,5,1,5,12,41664,Uninstalled,Churn
1847,45,824,1,5,8,4033,Installed,Retained
1848,50,616,0,9,4,1243,Installed,Retained
1849,2,50,1,4,7,3007,Installed,Retained
1850,3,0,1,2,10,31644,Uninstalled,Churn
1851,9,90,1,5,1,3679,Installed,Retained
1852,45,286,1,10,1,2132,Installed,Retained
1853,36,55,0,6,7,3981,Installed,Retained
1854,4,12,0,2,6,15662,Uninstalled,Needs Attention
1855,25,684,0,6,2,1833,Installed,Retained
1856,1,84,1,2,11,34445,Uninstalled,Churn
1857,44,758,1,6,3,2991,Installed,Retained
1858,32,365,1,10,8,1415,Installed,Retained
1859,17,615,1,6,5,2353,Installed,Retained
1860,36,928,1,8,4,2563,Installed,Retained
1861,20,993,0,10,5,4930,Installed,Retained
1862,22,261,0,9,2,291,Installed,Retained
1863,3,97,0,3,9,32253,Uninstalled,Churn
1864,23,764,0,10,2,2003,Installed,Retained
1865,17,255,0,9,6,2048,Installed,Retained
1866,5,1,1,3,3,6523,Installed,Retained
1867,7,81,0,4,3,1195,Installed,Retained
1868,15,332,0,8,7,3386,Installed,Retained
1869,3,30,0,1,11,27561,Uninstalled,Needs Attention
1870,0,49,1,3,15,26958,Uninstalled,Needs Attention
1871,28,518,1,8,6,1498,Installed,Retained
1872,11,603,1,8,2,427,Installed,Retained
1873,24,613,0,6,7,2058,Installed,Retained
1874,47,136,0,8,3,851,Installed,Retained
1875,6,15,1,1,7,3872,Installed,Retained
1876,25,682,1,6,2,1477,Installed,Retained
1877,31,323,1,9,6,3172,Installed,Retained
1878,13,597,0,9,2,3362,Installed,Retained
1879,8,64,1,1,2,670,Installed,Retained
1880,31,905,1,10,1,3773,Installed,Retained
1881,47,251,1,9,1,2365,Installed,Retained
1882,43,294,0,5,1,4955,Installed,Retained
1883,22,73,1,7,4,4715,Installed,Retained
1884,19,917,0,10,5,3258,Installed,Retained
1885,12,856,1,5,4,4428,Installed,Retained
1886,20,93,1,7,2,313,Installed,Retained
1887,47,964,1,7,3,1374,Installed,Retained
1888,19,111,0,10,4,2173,Installed,Retained
1889,37,619,1,5,4,1173,Installed,Retained
1890,46,241,1,10,7,1681,Installed,Retained
1891,31,717,0,9,2,4539,Installed,Retained
1892,34,84,0,7,5,3988,Installed,Retained
1893,46,783,0,6,3,600,Installed,Retained
1894,40,136,1,8,3,2136,Installed,Retained
1895,41,763,0,9,6,3100,Installed,Retained
1896,29,586,1,5,2,3094,Installed,Retained
1897,8,28,1,4,8,2186,Installed,Retained
1898,27,856,0,6,2,4537,Installed,Retained
1899,42,185,0,6,2,1726,Installed,Retained
1900,9,30,0,5,3,4373,Installed,Retained
1901,32,319,0,7,5,1769,Installed,Retained
1902,43,391,1,10,8,4000,Installed,Retained
1903,19,898,1,8,8,2999,Installed,Retained
1904,11,303,0,9,3,1107,Installed,Retained
1905,35,885,1,10,4,1271,Installed,Retained
1906,23,656,1,6,1,4650,Installed,Retained
1907,27,925,0,7,5,1058,Installed,Retained
1908,9,19,0,4,7,2061,Installed,Retained
1909,33,959,1,5,6,2017,Installed,Retained
1910,44,302,1,6,4,1176,Installed,Retained
1911,30,827,0,8,5,490,Installed,Retained
1912,48,920,1,6,3,1037,Installed,Retained
1913,31,662,0,9,6,3702,Installed,Retained
1914,39,273,0,5,8,936,Installed,Retained
1915,23,161,1,6,7,2356,Installed,Retained
1916,9,58,1,2,6,2486,Installed,Retained
1917,5,29,1,3,5,36725,Uninstalled,Churn
1918,37,291,0,10,2,2820,Installed,Retained
1919,18,402,1,8,3,3957,Installed,Retained
1920,34,457,1,8,3,289,Installed,Retained
1921,23,51,1,7,8,3745,Installed,Retained
1922,37,309,1,9,7,4189,Installed,Retained
1923,19,253,1,9,2,4198,Installed,Retained
1924,25,838,0,8,8,3445,Installed,Retained
1925,19,625,1,7,2,1601,Installed,Retained
1926,31,769,0,6,6,801,Installed,Retained
1927,2,78,1,4,9,33692,Uninstalled,Churn
1928,21,828,1,8,3,592,Installed,Retained
1929,41,747,0,7,7,3571,Installed,Retained
1930,35,85,0,10,3,4019,Installed,Retained
1931,22,277,0,9,6,1592,Installed,Retained
1932,14,847,0,10,3,252,Installed,Retained
1933,7,2,1,3,3,4541,Installed,Retained
1934,31,877,0,8,2,3086,Installed,Retained
1935,42,156,1,7,4,3754,Installed,Retained
1936,37,814,1,6,7,561,Installed,Retained
1937,2,84,0,3,3,7690,Installed,Retained
1938,10,19,1,0,1,3966,Installed,Retained
1939,21,755,0,9,3,864,Installed,Retained
1940,12,98,0,7,7,1877,Installed,Retained
1941,20,765,0,9,2,404,Installed,Retained
1942,27,996,1,10,4,2403,Installed,Retained
1943,36,975,0,9,2,3452,Installed,Retained
1944,4,42,0,4,5,32762,Uninstalled,Churn
1945,20,258,0,8,6,431,Installed,Retained
1946,39,983,1,8,3,893,Installed,Retained
1947,30,381,1,8,7,4228,Installed,Retained
1948,2,3,1,3,14,16067,Uninstalled,Needs Attention
1949,19,868,1,6,2,2164,Installed,Retained
1950,0,95,0,1,10,16324,Uninstalled,Needs Attention
1951,28,226,1,9,6,1020,Installed,Retained
1952,25,239,1,7,8,2530,Installed,Retained
1953,22,828,1,8,7,969,Installed,Retained
1954,6,40,0,4,3,1993,Installed,Retained
1955,7,95,1,0,6,4113,Installed,Retained
1956,4,22,0,5,8,10845,Installed,Retained
1957,2,31,0,5,7,15904,Uninstalled,Needs Attention
1958,19,313,0,6,1,3124,Installed,Retained
1959,29,798,1,8,1,3072,Installed,Retained
1960,6,76,1,1,3,2835,Installed,Retained
1961,22,706,0,9,4,4851,Installed,Retained
1962,18,466,0,8,1,1109,Installed,Retained
1963,39,816,0,6,2,4522,Installed,Retained
1964,18,867,0,9,3,4016,Installed,Retained
1965,27,966,1,5,5,4710,Installed,Retained
1966,24,850,0,7,6,2821,Installed,Retained
1967,46,656,1,10,7,3624,Installed,Retained
1968,33,811,1,10,1,1827,Installed,Retained
1969,29,257,1,9,8,4606,Installed,Retained
1970,17,322,0,8,8,512,Installed,Retained
1971,28,146,1,10,5,1466,Installed,Retained
1972,15,218,0,6,2,4329,Installed,Retained
1973,36,744,0,5,5,713,Installed,Retained
1974,8,83,1,5,8,1505,Installed,Retained
1975,23,389,1,10,8,1786,Installed,Retained
1976,24,937,1,6,4,1676,Installed,Retained
1977,48,568,0,6,8,1280,Installed,Retained
1978,40,101,0,9,8,2224,Installed,Retained
1979,1,73,0,3,13,45734,Uninstalled,Churn
1980,2,43,1,5,7,39494,Uninstalled,Churn
1981,35,223,1,10,7,4328,Installed,Retained
1982,46,775,0,8,6,3489,Installed,Retained
1983,48,501,1,6,6,1305,Installed,Retained
1984,16,795,1,6,6,4027,Installed,Retained
1985,24,777,1,5,3,905,Installed,Retained
1986,35,564,0,8,8,4641,Installed,Retained
1987,35,359,0,6,1,756,Installed,Retained
1988,24,380,0,9,7,3821,Installed,Retained
1989,10,23,1,3,3,770,Installed,Retained
1990,8,31,0,5,7,2104,Installed,Retained
1991,46,961,0,7,4,3808,Installed,Retained
1992,34,327,0,8,3,880,Installed,Retained
1993,41,584,1,8,1,3634,Installed,Retained
1994,10,98,0,1,6,2935,Installed,Retained
1995,38,938,0,5,4,1865,Installed,Retained
1996,43,61,0,6,8,1327,Installed,Retained
1997,47,761,0,6,1,1936,Installed,Retained
1998,6,73,1,5,1,3436,Installed,Retained
1999,9,54,0,4,2,4039,Installed,Retained
